,electrometer,postcode,location,rows,f
1,743,,,5761,data/cz/_20161231_20170301.csv
2,946,,,46849,data/cz/0514336057_20141201_20160402.csv
3,995,,,38921,data/cz/0515091119_20150221_20160402.csv
4,996,,,38921,data/cz/0515091128_20150221_20160402.csv
5,333,639 00,Brno - Škrobárny,78913,data/cz/1-136391_20140101_20160402.csv
6,734,301 00,Plze?, Borská pole,46273,data/cz/1014306192_20141207_20160402.csv
7,942,,,30211,data/cz/1014306223_20150221_20160102.csv
8,735,301 00,Plze?, Borská pole,46273,data/cz/1014306228_20141207_20160402.csv
9,943,,,38947,data/cz/1014352047_20150221_20160402.csv
10,1004,,,39005,data/cz/1014352054_20150220_20160402.csv
11,993,,,38921,data/cz/1015165140_20150221_20160402.csv
12,672,301 00,Plze?,1537,data/cz/105504_20140714_20140730.csv
13,673,301 00,Plze?, Borská pole,1537,data/cz/105505_20140714_20140730.csv
14,247,720 00,Ostrava - Hrabová, fáze I.,11617,data/cz/1130023_20140101_20140502.csv
15,245,720 00,Ostrava - Hrabová, fáze I.,78913,data/cz/1130055_20140101_20160402.csv
16,243,720 00,Ostrava - Hrabová, fáze I.,78913,data/cz/1131227_20140101_20160402.csv
17,242,721 00,Ostrava - Hrabová, fáze I.,11617,data/cz/1131348_20140101_20140502.csv
18,250,720 00,Ostrava - Hrabová, fáze I.,11617,data/cz/1131371_20140101_20140502.csv
19,248,720 00,Ostrava - Hrabová, fáze I.,78913,data/cz/1131379_20140101_20160402.csv
20,241,720 00,Ostrava - Hrabová, fáze I.,78913,data/cz/1131383_20140101_20160402.csv
21,236,720 00,Ostrava - Hrabová, fáze I.,8641,data/cz/1131420_20140201_20140502.csv
22,244,720 00,Ostrava - Hrabová, fáze I.,11617,data/cz/1131632_20140101_20140502.csv
23,33,695 23,Poho?elice, fáze I.,78913,data/cz/1136833_20140101_20160402.csv
24,264,720 00,Ostrava - Hrabová, fáze I.,78913,data/cz/1139913_20140101_20160402.csv
25,246,720 00,Ostrava - Hrabová, fáze I.,11617,data/cz/1139999_20140101_20140502.csv
26,331,639 00,Brno - Škrobárny,112664,data/cz/118535_20131230_20170317.csv
27,251,720 00,Ostrava - Hrabová, fáze I.,78913,data/cz/118536_20140101_20160402.csv
28,479,639 00,Brno - Spielberk,75937,data/cz/1215054_20140201_20160402.csv
29,477,639 00,Brno - Spielberk,78913,data/cz/1221646_20140101_20160402.csv
30,476,639 00,Brno - Spielberk,78913,data/cz/1221681_20140101_20160402.csv
31,475,639 00,Brno - Spielberk,78913,data/cz/1226699_20140101_20160402.csv
32,732,,,49729,data/cz/1227820_20141101_20160402.csv
33,357,639 00,Brno - Škrobárny,79104,data/cz/124216_20131230_20160402.csv
34,360,639 00,Brno - Škrobárny,79104,data/cz/125984_20131230_20160402.csv
35,16,664 51,Šlapanice,78913,data/cz/125987_20140101_20160402.csv
36,334,639 00,Brno - Škrobárny,112664,data/cz/125996_20131230_20170317.csv
37,332,639 00,Brno - Škrobárny,79104,data/cz/126050_20131230_20160402.csv
38,293,639 00,Brno - Škrobárny,112664,data/cz/126053_20131230_20170317.csv
39,318,639 00,Brno - Škrobárny,79104,data/cz/126054_20131230_20160402.csv
40,641,,,78913,data/cz/126055_20140101_20160402.csv
41,335,639 00,Brno - Škrobárny,79104,data/cz/126063_20131230_20160402.csv
42,61,301 00,Plze?, Borská pole,78913,data/cz/126074_20140101_20160402.csv
43,60,301 00,Plze?, Borská pole,78913,data/cz/126075_20140101_20160402.csv
44,19,,,75937,data/cz/126088_20140201_20160402.csv
45,316,639 00,Brno - Škrobárny,79104,data/cz/126099_20131230_20160402.csv
46,22,,,75937,data/cz/126117_20140201_20160402.csv
47,62,301 00,Plze?, Borská pole,78913,data/cz/126202_20140101_20160402.csv
48,64,301 00,Plze?, Borská pole,78913,data/cz/126222_20140101_20160402.csv
49,358,639 00,Brno - Škrobárny,79104,data/cz/126251_20131230_20160402.csv
50,359,639 00,Brno - Škrobárny,79104,data/cz/127344_20131230_20160402.csv
51,783,,,97,data/cz/13045036_20151014_20151015.csv
52,63,301 00,Plze?, Borská pole,78913,data/cz/131723_20140101_20160402.csv
53,604,639 00,Brno - Škrobárny,78913,data/cz/132036_20140101_20160402.csv
54,511,639 00,Brno - Spielberk,112665,data/cz/132045_20131230_20170317.csv
55,623,639 00,Brno - Škrobárny,78913,data/cz/132047_20140101_20160402.csv
56,579,,,112665,data/cz/132893_20131230_20170317.csv
57,580,,,112665,data/cz/132895_20131230_20170317.csv
58,581,,,112665,data/cz/132896_20131230_20170317.csv
59,209,368 02,Bor u Tachova,112472,data/cz/132897_20140101_20170317.csv
60,480,639 00,Brno - Spielberk,75937,data/cz/132898_20140201_20160402.csv
61,529,,,112665,data/cz/132899_20131230_20170317.csv
62,530,,,112665,data/cz/132900_20131230_20170317.csv
63,489,627 00,Brno - ?ernovické terasy,78913,data/cz/132945_20140101_20160402.csv
64,490,627 00,Brno - ?ernovické terasy,78913,data/cz/132946_20140101_20160402.csv
65,492,627 00,Brno - ?ernovické terasy,78913,data/cz/132947_20140101_20160402.csv
66,493,627 00,Brno - ?ernovické terasy,78913,data/cz/132948_20140101_20160402.csv
67,497,627 00,Brno - ?ernovické terasy,78913,data/cz/132949_20140101_20160402.csv
68,498,627 00,Brno - ?ernovické terasy,78913,data/cz/132950_20140101_20160402.csv
69,499,627 00,Brno - ?ernovické terasy,78913,data/cz/132951_20140101_20160402.csv
70,615,639 00,Brno - Spielberk,75937,data/cz/132952_20140201_20160402.csv
71,531,,,112665,data/cz/132956_20131230_20170317.csv
72,485,,,112664,data/cz/132957_20131230_20170317.csv
73,532,,,112665,data/cz/132958_20131230_20170317.csv
74,533,,,112665,data/cz/132960_20131230_20170317.csv
75,502,627 00,Brno - ?ernovické terasy,78913,data/cz/133205_20140101_20160402.csv
76,503,627 00,Brno - ?ernovické terasy,78913,data/cz/133206_20140101_20160402.csv
77,622,639 00,Brno - Škrobárny,78913,data/cz/133359_20140101_20160402.csv
78,594,,,112665,data/cz/133474_20131230_20170317.csv
79,582,,,112665,data/cz/133475_20131230_20170317.csv
80,484,639 00,Brno - Spielberk,112664,data/cz/133476_20131230_20170317.csv
81,760,,,77442,data/cz/133477_20141231_20170317.csv
82,761,,,77435,data/cz/133478_20150101_20170317.csv
83,618,,,78913,data/cz/133479_20140101_20160402.csv
84,610,,,78913,data/cz/133480_20140101_20160402.csv
85,768,,,72565,data/cz/133481_20150220_20170317.csv
86,486,639 00,Brno - Spielberk,112664,data/cz/133482_20131230_20170317.csv
87,583,,,112665,data/cz/133483_20131230_20170317.csv
88,607,365 02,Bor u Tachova, Nová Hospoda,11713,data/cz/133492_20131231_20140502.csv
89,584,,,112665,data/cz/133516_20131230_20170317.csv
90,585,,,112665,data/cz/133517_20131230_20170317.csv
91,586,,,112665,data/cz/133518_20131230_20170317.csv
92,587,,,112665,data/cz/133519_20131230_20170317.csv
93,620,,,78913,data/cz/133765_20140101_20160402.csv
94,736,,,78242,data/cz/133766_20141223_20170317.csv
95,588,,,112665,data/cz/133767_20131230_20170317.csv
96,589,,,112665,data/cz/133768_20131230_20170317.csv
97,626,639 00,Brno - Škrobárny,78913,data/cz/133769_20140101_20160402.csv
98,590,,,112665,data/cz/133770_20131230_20170317.csv
99,591,,,112665,data/cz/133771_20131230_20170317.csv
100,595,,,112665,data/cz/133772_20131230_20170317.csv
101,487,639 00,Brno - Spielberk,112664,data/cz/133773_20131230_20170317.csv
102,534,,,112665,data/cz/134143_20131230_20170317.csv
103,535,,,112665,data/cz/134152_20131230_20170317.csv
104,639,,,78913,data/cz/134669_20140101_20160402.csv
105,636,,,78913,data/cz/134700_20140101_20160402.csv
106,536,,,112665,data/cz/134712_20131230_20170317.csv
107,537,,,112665,data/cz/134713_20131230_20170317.csv
108,538,,,112665,data/cz/134714_20131230_20170317.csv
109,539,,,112665,data/cz/134715_20131230_20170317.csv
110,625,,,30463,data/cz/134716_20160504_20170317.csv
111,540,,,112665,data/cz/134717_20131230_20170317.csv
112,541,,,112665,data/cz/134718_20131230_20170317.csv
113,542,,,112665,data/cz/134719_20131230_20170317.csv
114,543,,,112665,data/cz/134720_20131230_20170317.csv
115,544,,,112665,data/cz/134721_20131230_20170317.csv
116,545,,,112665,data/cz/134776_20131230_20170317.csv
117,546,,,112665,data/cz/134795_20131230_20170317.csv
118,860,,,38209,data/cz/134811_20150301_20160402.csv
119,547,,,112665,data/cz/134842_20131230_20170317.csv
120,548,,,112665,data/cz/134843_20131230_20170317.csv
121,624,639 00,Brno - Škrobárny,21121,data/cz/134844_20140101_20140809.csv
122,549,,,112665,data/cz/134845_20131230_20170317.csv
123,550,,,112665,data/cz/134846_20131230_20170317.csv
124,551,,,112665,data/cz/134847_20131230_20170317.csv
125,552,,,112665,data/cz/134848_20131230_20170317.csv
126,553,,,112665,data/cz/134850_20131230_20170317.csv
127,554,,,112665,data/cz/134851_20131230_20170317.csv
128,555,,,11617,data/cz/134852_20140101_20140502.csv
129,556,,,112665,data/cz/134853_20131230_20170317.csv
130,557,,,112665,data/cz/134854_20131230_20170317.csv
131,769,,,72566,data/cz/134856_20150220_20170317.csv
132,558,,,112665,data/cz/134861_20131230_20170317.csv
133,559,,,112665,data/cz/134862_20131230_20170317.csv
134,560,,,112665,data/cz/134863_20131230_20170317.csv
135,561,,,112665,data/cz/134864_20131230_20170317.csv
136,770,,,72566,data/cz/134879_20150220_20170317.csv
137,562,,,112665,data/cz/134880_20131230_20170317.csv
138,563,,,112665,data/cz/134882_20131230_20170317.csv
139,564,,,112665,data/cz/134884_20131230_20170317.csv
140,565,,,112665,data/cz/134885_20131230_20170317.csv
141,566,,,112665,data/cz/134886_20131230_20170317.csv
142,567,,,112665,data/cz/134887_20131230_20170317.csv
143,568,,,112665,data/cz/134888_20131230_20170317.csv
144,569,,,112665,data/cz/134889_20131230_20170317.csv
145,570,,,112665,data/cz/134890_20131230_20170317.csv
146,571,,,112665,data/cz/134891_20131230_20170317.csv
147,572,,,112665,data/cz/134892_20131230_20170317.csv
148,771,,,72566,data/cz/134893_20150220_20170317.csv
149,573,,,112665,data/cz/134894_20131230_20170317.csv
150,574,,,112665,data/cz/134895_20131230_20170317.csv
151,575,,,112665,data/cz/134896_20131230_20170317.csv
152,576,,,112665,data/cz/134897_20131230_20170317.csv
153,577,,,112665,data/cz/134898_20131230_20170317.csv
154,578,,,112665,data/cz/134899_20131230_20170317.csv
155,635,,,78913,data/cz/134927_20140101_20160402.csv
156,637,,,78913,data/cz/134928_20140101_20160402.csv
157,643,639 00,Brno - Spielberk,78913,data/cz/134929_20140101_20160402.csv
158,772,,,72566,data/cz/135072_20150220_20170317.csv
159,638,,,78913,data/cz/135076_20140101_20160402.csv
160,642,,,78913,data/cz/135080_20140101_20160402.csv
161,870,,,38209,data/cz/135304_20150301_20160402.csv
162,773,,,72566,data/cz/135305_20150220_20170317.csv
163,640,,,78913,data/cz/135307_20140101_20160402.csv
164,774,,,72566,data/cz/135308_20150220_20170317.csv
165,775,,,72566,data/cz/135309_20150220_20170317.csv
166,592,,,112665,data/cz/135310_20131230_20170317.csv
167,617,,,79009,data/cz/135311_20131231_20160402.csv
168,629,,,78913,data/cz/135312_20140101_20160402.csv
169,596,639 00,Brno - Spielberk,112665,data/cz/135313_20131230_20170317.csv
170,826,,,97,data/cz/135314_20151101_20151102.csv
171,634,,,78913,data/cz/135315_20140101_20160402.csv
172,904,,,72536,data/cz/135316_20150221_20170317.csv
173,730,639 00,Brno - Škrobárny,51553,data/cz/135476_20141013_20160402.csv
174,600,,,112665,data/cz/135960_20131230_20170317.csv
175,58,301 00,Plze?, Borská pole,32737,data/cz/137757_20140101_20141208.csv
176,57,301 00,Plze?, Borská pole,32737,data/cz/138143_20140101_20141208.csv
177,330,639 00,Brno - Škrobárny,78913,data/cz/139499_20140101_20160402.csv
178,674,,,92123,data/cz/14145137_20140801_20170317.csv
179,675,,,91277,data/cz/14154035_20140809_20170317.csv
180,676,,,91131,data/cz/14154121_20140811_20170317.csv
181,677,,,91131,data/cz/14154124_20140811_20170317.csv
182,678,,,91277,data/cz/14154149_20140809_20170317.csv
183,679,,,91131,data/cz/14154154_20140811_20170317.csv
184,680,,,91131,data/cz/14154160_20140811_20170317.csv
185,681,,,91131,data/cz/14154176_20140811_20170317.csv
186,682,,,91131,data/cz/14154178_20140811_20170317.csv
187,683,,,91131,data/cz/14154184_20140811_20170317.csv
188,684,,,91277,data/cz/14154189_20140809_20170317.csv
189,685,,,91277,data/cz/14154191_20140809_20170317.csv
190,686,,,91131,data/cz/14154195_20140811_20170317.csv
191,687,,,88916,data/cz/14154203_20140811_20170222.csv
192,724,252 68,Kn?ževes,86207,data/cz/14154205_20141001_20170317.csv
193,688,,,91277,data/cz/14154219_20140809_20170317.csv
194,865,639 00,Brno - Spielberk,46226,data/cz/14192010_20150101_20160426.csv
195,716,,,88231,data/cz/14195027_20140818_20170222.csv
196,689,,,88922,data/cz/14195073_20140811_20170222.csv
197,690,,,91131,data/cz/14195075_20140811_20170317.csv
198,691,,,91131,data/cz/14201042_20140811_20170317.csv
199,692,,,88916,data/cz/14201079_20140811_20170222.csv
200,693,,,88916,data/cz/14202017_20140811_20170222.csv
201,694,,,88916,data/cz/14202098_20140811_20170222.csv
202,695,,,91131,data/cz/14202100_20140811_20170317.csv
203,696,,,91131,data/cz/14202101_20140811_20170317.csv
204,697,,,91131,data/cz/14202102_20140811_20170317.csv
205,698,,,91131,data/cz/14202106_20140811_20170317.csv
206,699,,,91131,data/cz/14202107_20140811_20170317.csv
207,700,,,88916,data/cz/14202108_20140811_20170222.csv
208,701,,,91131,data/cz/14202142_20140811_20170317.csv
209,702,,,91277,data/cz/14202143_20140809_20170317.csv
210,703,,,88916,data/cz/14202146_20140811_20170222.csv
211,704,,,88916,data/cz/14202147_20140811_20170222.csv
212,705,,,91277,data/cz/14202151_20140809_20170317.csv
213,706,,,91131,data/cz/14202154_20140811_20170317.csv
214,707,,,91131,data/cz/14202156_20140811_20170317.csv
215,708,,,91277,data/cz/14202158_20140809_20170317.csv
216,784,,,28689,data/cz/14215045_20151111_20160905.csv
217,709,,,91277,data/cz/14224009_20140809_20170317.csv
218,710,,,91131,data/cz/14224024_20140811_20170317.csv
219,785,,,71999,data/cz/14224032_20150226_20170317.csv
220,711,,,91131,data/cz/14224037_20140811_20170317.csv
221,786,,,71999,data/cz/14224049_20150226_20170317.csv
222,712,,,91131,data/cz/14225081_20140811_20170317.csv
223,787,,,71999,data/cz/14225108_20150226_20170317.csv
224,788,,,21408,data/cz/14225122_20150226_20151007.csv
225,876,,,67510,data/cz/14225129_20150414_20170317.csv
226,713,,,88916,data/cz/14234001_20140811_20170222.csv
227,789,,,71999,data/cz/14244034_20150226_20170317.csv
228,790,,,71999,data/cz/14244069_20150226_20170317.csv
229,791,,,71999,data/cz/14244081_20150226_20170317.csv
230,792,,,71999,data/cz/14244084_20150226_20170317.csv
231,793,,,71999,data/cz/14244121_20150226_20170317.csv
232,877,,,67510,data/cz/14245002_20150414_20170317.csv
233,794,,,71999,data/cz/14245019_20150226_20170317.csv
234,878,,,67510,data/cz/14245037_20150414_20170317.csv
235,879,,,67510,data/cz/14245038_20150414_20170317.csv
236,714,,,91131,data/cz/14246061_20140811_20170317.csv
237,725,,,86207,data/cz/14322141_20141001_20170317.csv
238,728,252 68,Kn?ževes,83771,data/cz/14322142_20141027_20170317.csv
239,893,352 02,Bor u Tachova, Nová Hospoda,67452,data/cz/14334074_20150415_20170317.csv
240,887,,,67510,data/cz/14336024_20150414_20170317.csv
241,880,,,67510,data/cz/14336055_20150414_20170317.csv
242,795,,,71999,data/cz/14346142_20150226_20170317.csv
243,796,,,71999,data/cz/14346145_20150226_20170317.csv
244,797,,,71999,data/cz/14346281_20150226_20170317.csv
245,798,,,71999,data/cz/14346289_20150226_20170317.csv
246,799,,,71999,data/cz/14346292_20150226_20170317.csv
247,800,,,71999,data/cz/14346324_20150226_20170317.csv
248,801,,,71999,data/cz/14346339_20150226_20170317.csv
249,892,301 00,Plze?, Borská pole,35137,data/cz/14353004_20150402_20160402.csv
250,891,301 00,Plze?, Borská pole,35137,data/cz/14353005_20150402_20160402.csv
251,847,,,74460,data/cz/14353032_20150201_20170317.csv
252,947,,,38946,data/cz/14353037_20150221_20160402.csv
253,848,368 02,Bor u Tachova,40259,data/cz/14353070_20150207_20160401.csv
254,888,,,67510,data/cz/14353080_20150414_20170317.csv
255,881,,,67510,data/cz/14354002_20150414_20170317.csv
256,849,365 02,Bor u Tachova, Nová Hospoda,73884,data/cz/14354039_20150207_20170317.csv
257,882,,,40348,data/cz/14354042_20150414_20160607.csv
258,883,,,38300,data/cz/14354044_20150414_20160517.csv
259,884,,,67510,data/cz/14354061_20150414_20170317.csv
260,802,,,71999,data/cz/14355017_20150226_20170317.csv
261,803,,,71999,data/cz/14355022_20150226_20170317.csv
262,804,,,71999,data/cz/14355024_20150226_20170317.csv
263,805,,,71999,data/cz/14355025_20150226_20170317.csv
264,806,,,71999,data/cz/14355028_20150226_20170317.csv
265,807,,,21408,data/cz/14355034_20150226_20151007.csv
266,808,,,71999,data/cz/14355035_20150226_20170317.csv
267,809,,,71999,data/cz/14355037_20150226_20170317.csv
268,810,,,71999,data/cz/14355038_20150226_20170317.csv
269,811,,,71999,data/cz/14355039_20150226_20170317.csv
270,812,,,71999,data/cz/14355040_20150226_20170317.csv
271,813,,,28261,data/cz/14355042_20150226_20151218.csv
272,814,,,71999,data/cz/14355043_20150226_20170317.csv
273,815,,,71999,data/cz/14355044_20150226_20170317.csv
274,816,,,71999,data/cz/14355045_20150226_20170317.csv
275,817,,,71999,data/cz/14355051_20150226_20170317.csv
276,818,,,71999,data/cz/14355054_20150226_20170317.csv
277,819,,,71999,data/cz/14355055_20150226_20170317.csv
278,820,,,72000,data/cz/14355056_20150226_20170317.csv
279,821,,,72000,data/cz/14355057_20150226_20170317.csv
280,822,,,72000,data/cz/14355059_20150226_20170317.csv
281,823,,,72000,data/cz/14355061_20150226_20170317.csv
282,777,,,72563,data/cz/14415088_20150220_20170317.csv
283,778,,,72563,data/cz/14432013_20150220_20170317.csv
284,779,,,72563,data/cz/14432051_20150220_20170317.csv
285,781,,,72563,data/cz/14432054_20150220_20170317.csv
286,780,,,72563,data/cz/14432056_20150220_20170317.csv
287,923,,,2,data/cz/1444302903_20150221_20150221.csv
288,924,,,2,data/cz/1444302904_20150221_20150221.csv
289,925,,,2,data/cz/1444302905_20150221_20150221.csv
290,926,,,2,data/cz/1444302906_20150221_20150221.csv
291,927,,,2,data/cz/1444302907_20150221_20150221.csv
292,886,,,67510,data/cz/15024002_20150414_20170317.csv
293,1036,,,30898,data/cz/15033001_20160429_20170317.csv
294,908,,,72532,data/cz/15033011_20150221_20170317.csv
295,885,,,38302,data/cz/15033015_20150414_20160517.csv
296,915,,,72526,data/cz/15044020_20150221_20170317.csv
297,951,,,112667,data/cz/15066001_20131230_20170317.csv
298,894,,,32545,data/cz/15091075_20150429_20160402.csv
299,971,,,72502,data/cz/15091082_20150221_20170317.csv
300,991,,,72540,data/cz/15091114_20150221_20170317.csv
301,1006,,,72569,data/cz/15104021_20150220_20170317.csv
302,873,639 00,Brno - Škrobárny,36001,data/cz/1514462140_20150324_20160402.csv
303,872,639 00,Brno - Škrobárny,36001,data/cz/1514462164_20150324_20160402.csv
304,944,,,38946,data/cz/1514462212_20150221_20160402.csv
305,875,639 00,Brno - Škrobárny,33025,data/cz/1514462218_20150324_20160302.csv
306,874,639 00,Brno - Škrobárny,36001,data/cz/1514462246_20150324_20160402.csv
307,930,,,72513,data/cz/15171033_20150221_20170317.csv
308,931,,,72513,data/cz/15171044_20150221_20170317.csv
309,916,,,72526,data/cz/15171046_20150221_20170317.csv
310,911,,,72527,data/cz/15171048_20150221_20170317.csv
311,917,,,72526,data/cz/15171051_20150221_20170317.csv
312,918,,,72525,data/cz/15171053_20150221_20170317.csv
313,909,,,72532,data/cz/15171054_20150221_20170317.csv
314,952,,,112667,data/cz/15171062_20131230_20170317.csv
315,953,,,72507,data/cz/15171064_20150221_20170317.csv
316,932,,,72513,data/cz/15171065_20150221_20170317.csv
317,912,,,68857,data/cz/15172001_20150221_20170207.csv
318,913,,,72527,data/cz/15172003_20150221_20170317.csv
319,933,,,72513,data/cz/15172005_20150221_20170317.csv
320,934,,,72512,data/cz/15172009_20150221_20170317.csv
321,954,,,72506,data/cz/15172010_20150221_20170317.csv
322,955,,,72506,data/cz/15172013_20150221_20170317.csv
323,956,,,72506,data/cz/15172014_20150221_20170317.csv
324,910,,,72532,data/cz/15172015_20150221_20170317.csv
325,919,,,72525,data/cz/15172017_20150221_20170317.csv
326,957,,,72506,data/cz/15172018_20150221_20170317.csv
327,958,,,72505,data/cz/15172020_20150221_20170317.csv
328,959,,,72505,data/cz/15172036_20150221_20170317.csv
329,960,,,72505,data/cz/15172039_20150221_20170317.csv
330,961,,,72505,data/cz/15172040_20150221_20170317.csv
331,967,,,72503,data/cz/15172041_20150221_20170317.csv
332,968,,,72503,data/cz/15172047_20150221_20170317.csv
333,920,,,72525,data/cz/15172048_20150221_20170317.csv
334,962,,,72504,data/cz/15172049_20150221_20170317.csv
335,963,,,72504,data/cz/15172054_20150221_20170317.csv
336,964,,,72504,data/cz/15172056_20150221_20170317.csv
337,965,,,72504,data/cz/15172060_20150221_20170317.csv
338,966,,,72503,data/cz/15172062_20150221_20170317.csv
339,970,,,72502,data/cz/15172063_20150221_20170317.csv
340,935,,,72512,data/cz/15172086_20150221_20170317.csv
341,936,,,72512,data/cz/15172087_20150221_20170317.csv
342,914,,,72526,data/cz/15172088_20150221_20170317.csv
343,937,,,72512,data/cz/15172089_20150221_20170317.csv
344,1065,,,8063,data/cz/15172091_20160824_20161116.csv
345,1050,,,30459,data/cz/15172092_20160504_20170317.csv
346,921,,,72525,data/cz/15172096_20150221_20170317.csv
347,979,,,72493,data/cz/15173004_20150221_20170317.csv
348,980,,,72492,data/cz/15217019_20150221_20170317.csv
349,981,,,72492,data/cz/15234074_20150221_20170317.csv
350,988,,,72491,data/cz/15255020_20150221_20170317.csv
351,982,,,72492,data/cz/15281022_20150221_20170317.csv
352,983,,,72492,data/cz/15281059_20150221_20170317.csv
353,990,,,72490,data/cz/15284032_20150221_20170317.csv
354,984,,,72492,data/cz/15284047_20150221_20170317.csv
355,985,,,72492,data/cz/15304043_20150221_20170317.csv
356,824,,,4,data/cz/15314671_20150626_20150626.csv
357,1056,,,29781,data/cz/15424120_20160511_20170317.csv
358,1040,,,19253,data/cz/15445179_20160429_20161116.csv
359,1041,,,30898,data/cz/15475113_20160429_20170317.csv
360,1048,,,30898,data/cz/15483152_20160429_20170317.csv
361,1051,,,24664,data/cz/15483162_20160505_20170117.csv
362,1052,,,30356,data/cz/15483178_20160505_20170317.csv
363,1035,,,30924,data/cz/15483184_20160429_20170317.csv
364,1026,,,30941,data/cz/15483189_20160429_20170317.csv
365,1027,,,30941,data/cz/15483241_20160429_20170317.csv
366,1028,,,30941,data/cz/15483247_20160429_20170317.csv
367,1029,,,30941,data/cz/15483248_20160429_20170317.csv
368,1037,,,30898,data/cz/15483249_20160429_20170317.csv
369,1038,,,30898,data/cz/15484001_20160429_20170317.csv
370,1020,,,31328,data/cz/16022018_20160425_20170317.csv
371,1042,,,30898,data/cz/16022025_20160429_20170317.csv
372,1043,,,22517,data/cz/16022026_20160429_20161220.csv
373,1039,,,30898,data/cz/16043003_20160429_20170317.csv
374,1030,,,30941,data/cz/16043006_20160429_20170317.csv
375,1031,,,30941,data/cz/16043014_20160429_20170317.csv
376,1033,,,30938,data/cz/16043017_20160429_20170317.csv
377,1034,,,30938,data/cz/16043031_20160429_20170317.csv
378,1044,,,14649,data/cz/16043034_20160429_20160929.csv
379,1045,,,30898,data/cz/16043038_20160429_20170317.csv
380,1053,,,30356,data/cz/16043039_20160505_20170317.csv
381,1054,,,30356,data/cz/16043042_20160505_20170317.csv
382,1046,,,22518,data/cz/16043045_20160429_20161220.csv
383,1032,,,30941,data/cz/16043048_20160429_20170317.csv
384,1047,,,30898,data/cz/16043056_20160429_20170317.csv
385,1055,,,30356,data/cz/16043058_20160505_20170317.csv
386,1066,277 45,Kozomín,24891,data/cz/16062309_20160701_20170317.csv
387,1067,277 45,Kozomín,24891,data/cz/16062314_20160701_20170317.csv
388,659,720 00,Ostrava - Hrabová, fáze I.,67393,data/cz/17912040911_20140501_20160402.csv
389,658,720 00,Ostrava - Hrabová, fáze I.,67393,data/cz/17912040912_20140501_20160402.csv
390,656,720 00,Ostrava - Hrabová, fáze I.,67393,data/cz/17912040913_20140501_20160402.csv
391,657,720 00,Ostrava - Hrabová, fáze I.,67393,data/cz/17912040914_20140501_20160402.csv
392,660,720 00,Ostrava - Hrabová, fáze I.,67393,data/cz/17912040915_20140501_20160402.csv
393,661,721 00,Ostrava - Hrabová, fáze I.,67393,data/cz/17912040916_20140501_20160402.csv
394,655,720 00,Ostrava - Hrabová, fáze I.,67393,data/cz/17912040917_20140501_20160402.csv
395,737,640 00,Brno - Škrobárny,46849,data/cz/1814123119_20141201_20160402.csv
396,945,,,38946,data/cz/1814442022_20150221_20160402.csv
397,469,639 00,Brno - Spielberk,78913,data/cz/18892_20140101_20160402.csv
398,842,,,6,data/cz/1893805_20150626_20150626.csv
399,339,639 00,Brno - Škrobárny,79104,data/cz/2097569_20131230_20160402.csv
400,361,639 00,Brno - Škrobárny,79104,data/cz/2097570_20131230_20160402.csv
401,340,639 00,Brno - Škrobárny,79104,data/cz/2097571_20131230_20160402.csv
402,733,,,46273,data/cz/2514245033_20141207_20160402.csv
403,352,639 00,Brno - Škrobárny,78913,data/cz/2732421_20140101_20160402.csv
404,857,,,38209,data/cz/300056_20150301_20160402.csv
405,858,,,38209,data/cz/300068_20150301_20160402.csv
406,861,,,38209,data/cz/300069_20150301_20160402.csv
407,856,,,38209,data/cz/300072_20150301_20160402.csv
408,855,,,38209,data/cz/300073_20150301_20160402.csv
409,859,,,38209,data/cz/300074_20150301_20160402.csv
410,776,,,38209,data/cz/300112_20150301_20160402.csv
411,853,,,38209,data/cz/300125_20150301_20160402.csv
412,854,,,38209,data/cz/300139_20150301_20160402.csv
413,852,,,38209,data/cz/300147_20150301_20160402.csv
414,863,,,38209,data/cz/300157_20150301_20160402.csv
415,862,,,38209,data/cz/300159_20150301_20160402.csv
416,603,,,112665,data/cz/300452_20131230_20170317.csv
417,726,,,54241,data/cz/300458_20140915_20160402.csv
418,729,,,49729,data/cz/300730_20141101_20160402.csv
419,715,,,89412,data/cz/300780_20140829_20170317.csv
420,976,,,72495,data/cz/300781_20150221_20170317.csv
421,632,,,106810,data/cz/300783_20140301_20170317.csv
422,653,,,92122,data/cz/301463_20140801_20170317.csv
423,652,365 02,Bor u Tachova, Nová Hospoda,68161,data/cz/301982_20140423_20160402.csv
424,827,,,97,data/cz/326307_20150301_20150302.csv
425,197,353 02,Bor u Tachova, Nová Hospoda,191,data/cz/37109113_20131229_20131231.csv
426,183,627 00,Brno - ?ernovické terasy,3836,data/cz/37109114_20140220_20140401.csv
427,844,,,10,data/cz/3718530_20150626_20150626.csv
428,506,640 00,Brno - Škrobárny,32352,data/cz/40627_20131230_20141202.csv
429,504,627 00,Brno - ?ernovické terasy,78913,data/cz/42434915_20140101_20160402.csv
430,505,639 00,Brno - Škrobárny,79104,data/cz/43692_20131230_20160402.csv
431,369,,,112664,data/cz/449087_20131230_20170317.csv
432,762,,,72566,data/cz/449088_20150220_20170317.csv
433,363,639 00,Brno - Spielberk,112664,data/cz/449089_20131230_20170317.csv
434,763,,,72566,data/cz/449090_20150220_20170317.csv
435,371,639 00,Brno - Spielberk,112664,data/cz/449091_20131230_20170317.csv
436,378,639 00,Brno - Spielberk,112664,data/cz/449093_20131230_20170317.csv
437,275,639 00,Brno - Škrobárny,79104,data/cz/449094_20131230_20160402.csv
438,384,639 00,Brno - Spielberk,112664,data/cz/449095_20131230_20170317.csv
439,614,,,78913,data/cz/449096_20140101_20160402.csv
440,372,639 00,Brno - Spielberk,112664,data/cz/449097_20131230_20170317.csv
441,193,,,112663,data/cz/449098_20131230_20170317.csv
442,376,639 00,Brno - Spielberk,112664,data/cz/449100_20131230_20170317.csv
443,212,720 00,Ostrava - Hrabová, fáze I.,79009,data/cz/449102_20131231_20160402.csv
444,385,639 00,Brno - Spielberk,112664,data/cz/449103_20131230_20170317.csv
445,386,639 00,Brno - Spielberk,112664,data/cz/449104_20131230_20170317.csv
446,387,639 00,Brno - Spielberk,112664,data/cz/449105_20131230_20170317.csv
447,388,639 00,Brno - Spielberk,112664,data/cz/449106_20131230_20170317.csv
448,389,639 00,Brno - Spielberk,112664,data/cz/449107_20131230_20170317.csv
449,390,,,112664,data/cz/449108_20131230_20170317.csv
450,391,639 00,Brno - Spielberk,112664,data/cz/449109_20131230_20170317.csv
451,312,639 00,Brno - Škrobárny,79104,data/cz/449110_20131230_20160402.csv
452,119,691 23,Poho?elice II,78913,data/cz/449111_20140101_20160402.csv
453,611,,,78913,data/cz/449112_20140101_20160402.csv
454,612,,,78913,data/cz/449113_20140101_20160402.csv
455,202,,,112663,data/cz/449114_20131230_20170317.csv
456,609,,,78913,data/cz/449115_20140101_20160402.csv
457,613,,,78913,data/cz/449117_20140101_20160402.csv
458,155,664 42,Mod?ice - Brno,78913,data/cz/449118_20140101_20160402.csv
459,152,664 42,Mod?ice - Brno,78913,data/cz/449119_20140101_20160402.csv
460,153,664 42,Mod?ice - Brno,78913,data/cz/449120_20140101_20160402.csv
461,257,720 00,Ostrava - Hrabová, fáze I.,78913,data/cz/449121_20140101_20160402.csv
462,141,664 42,Mod?ice - Brno,78913,data/cz/449122_20140101_20160402.csv
463,142,664 42,Mod?ice - Brno,78913,data/cz/449123_20140101_20160402.csv
464,124,691 23,Poho?elice II,78913,data/cz/449124_20140101_20160402.csv
465,140,664 42,Mod?ice - Brno,78913,data/cz/449125_20140101_20160402.csv
466,154,,,78913,data/cz/449126_20140101_20160402.csv
467,375,639 00,Brno - Spielberk,112664,data/cz/449127_20131230_20170317.csv
468,213,720 00,Ostrava - Hrabová, fáze I.,79009,data/cz/449128_20131231_20160402.csv
469,366,639 00,Brno - Spielberk,112664,data/cz/449129_20131230_20170317.csv
470,367,639 00,Brno - Spielberk,112664,data/cz/449131_20131230_20170317.csv
471,365,639 00,Brno - Spielberk,112664,data/cz/449132_20131230_20170317.csv
472,147,664 42,Mod?ice - Brno,78913,data/cz/449134_20140101_20160402.csv
473,373,639 00,Brno - Spielberk,112664,data/cz/449135_20131230_20170317.csv
474,374,639 00,Brno - Spielberk,112664,data/cz/449136_20131230_20170317.csv
475,249,720 00,Ostrava - Hrabová, fáze I.,11617,data/cz/449139_20140101_20140502.csv
476,889,,,30057,data/cz/449141_20150415_20160222.csv
477,396,639 00,Brno - Spielberk,112664,data/cz/449142_20131230_20170317.csv
478,397,639 00,Brno - Spielberk,112664,data/cz/449145_20131230_20170317.csv
479,263,720 00,Ostrava - Hrabová, fáze I.,79009,data/cz/449149_20131231_20160402.csv
480,125,691 23,Poho?elice II,78913,data/cz/449150_20140101_20160402.csv
481,370,639 00,Brno - Spielberk,112664,data/cz/449154_20131230_20170317.csv
482,198,354 02,Bor u Tachova, Nová Hospoda,38689,data/cz/449155_20140101_20150208.csv
483,398,639 00,Brno - Spielberk,112664,data/cz/449156_20131230_20170317.csv
484,146,664 42,Mod?ice - Brno,78913,data/cz/449157_20140101_20160402.csv
485,364,639 00,Brno - Spielberk,112664,data/cz/449158_20131230_20170317.csv
486,394,639 00,Brno - Spielberk,112664,data/cz/449159_20131230_20170317.csv
487,233,720 00,Ostrava - Hrabová, fáze I.,78913,data/cz/449160_20140101_20160402.csv
488,395,639 00,Brno - Spielberk,112664,data/cz/449161_20131230_20170317.csv
489,317,,,78913,data/cz/449162_20140101_20160402.csv
490,392,639 00,Brno - Spielberk,112664,data/cz/449163_20131230_20170317.csv
491,165,664 42,Mod?ice - Brno,49633,data/cz/449164_20140101_20150602.csv
492,393,639 00,Brno - Spielberk,112664,data/cz/449165_20131230_20170317.csv
493,145,664 42,Mod?ice - Brno,78913,data/cz/449166_20140101_20160402.csv
494,667,,,93532,data/cz/45888819_20140630_20170301.csv
495,668,,,93532,data/cz/45888863_20140630_20170301.csv
496,519,720 00,Ostrava - Hrabová, fáze I.,112616,data/cz/46477159_20131229_20170317.csv
497,65,366 02,Bor u Tachova, Nová Hospoda,2661530,data/cz/46477164_20140205_20900101.csv
498,66,366 02,Bor u Tachova, Nová Hospoda,2665095,data/cz/46477184_20131229_20900101.csv
499,1058,,,33028,data/cz/46477186_20160322_20170301.csv
500,1059,,,33028,data/cz/46477191_20160322_20170301.csv
501,905,,,2,data/cz/46477464_20150221_20150221.csv
502,20,664 51,Šlapanice,112616,data/cz/46498399_20131229_20170317.csv
503,67,720 00,Ostrava - Hrabová, fáze II.,102536,data/cz/46498405_20131229_20161202.csv
504,68,627 00,Brno - ?ernovické terasy,2665507,data/cz/46498409_20131229_20900105.csv
505,69,627 00,Brno - ?ernovické terasy,84030,data/cz/46498417_20131229_20160523.csv
506,992,,,72430,data/cz/46901560_20150221_20170317.csv
507,70,720 00,Ostrava - Hrabová, fáze II.,2665118,data/cz/46901560x_20131229_20900101.csv
508,512,639 00,Brno - Spielberk,112665,data/cz/469960_20131230_20170317.csv
509,406,,,97,data/cz/469962_20140101_20140102.csv
510,71,627 00,Brno - ?ernovické terasy,2665125,data/cz/47392425_20131229_20900101.csv
511,72,720 00,Ostrava - Hrabová, fáze I.,2666861,data/cz/47446565_20131229_20900119.csv
512,1060,,,17668,data/cz/47733353_20160430_20161031.csv
513,27,301 00,Plze?, Borská pole,111072,data/cz/47781567_20131229_20170228.csv
514,1081,,,2980,data/cz/47863069_20160930_20161031.csv
515,627,,,97917,data/cz/47906295_20140116_20161031.csv
516,1061,,,17668,data/cz/47906344_20160430_20161031.csv
517,606,,,111072,data/cz/48076271_20131229_20170228.csv
518,523,301 00,Plze?, Borská pole,111080,data/cz/48076300_20131229_20170301.csv
519,510,627 00,Brno - ?ernovické terasy,89031,data/cz/48076564_20131229_20160714.csv
520,524,,,111072,data/cz/48076974_20131229_20170228.csv
521,115,691 23,Poho?elice II,73506,data/cz/48076990_20131229_20160203.csv
522,128,664 42,Mod?ice - Brno,43143,data/cz/48076996_20131229_20150324.csv
523,156,664 42,Mod?ice - Brno,111072,data/cz/48077313_20131229_20170228.csv
524,1082,,,2980,data/cz/48078687_20160930_20161031.csv
525,1083,,,2980,data/cz/48078858_20160930_20161031.csv
526,28,301 00,Plze?, Borská pole,43860,data/cz/48078868_20131229_20150331.csv
527,867,,,68040,data/cz/48256928_20150323_20170228.csv
528,1062,,,17668,data/cz/48256931_20160430_20161031.csv
529,1071,720 00,Ostarva - Hrabová,22975,data/cz/48256932_20160704_20170228.csv
530,994,,,72482,data/cz/48256941_20150221_20170317.csv
531,654,,,93724,data/cz/48256960_20140430_20170101.csv
532,998,,,70882,data/cz/48256980_20150221_20170228.csv
533,999,,,70881,data/cz/48256984_20150221_20170228.csv
534,665,,,96349,data/cz/48256989_20140601_20170228.csv
535,1007,,,70969,data/cz/48256990_20150220_20170228.csv
536,974,,,31977,data/cz/48257001_20150221_20160120.csv
537,718,,,38600,data/cz/48257001x_20140901_20151008.csv
538,868,,,2624203,data/cz/48257011_20150228_20900101.csv
539,759,,,2628584,data/cz/48257020_20150114_20900101.csv
540,599,,,112668,data/cz/48257156_20131229_20170317.csv
541,1000,,,70880,data/cz/48257282_20150221_20170228.csv
542,1078,,,11812,data/cz/48257534_20160930_20170131.csv
543,666,,,96467,data/cz/48257677_20140616_20170317.csv
544,1012,,,40796,data/cz/48257844_20150131_20160331.csv
545,1013,,,32352,data/cz/48257880_20160229_20170131.csv
546,628,,,109448,data/cz/48651615_20140116_20170301.csv
547,1014,,,35040,data/cz/48663659_20160229_20170228.csv
548,1049,,,29380,data/cz/48663663_20160331_20170131.csv
549,217,720 00,Ostrava - Hrabová, fáze I.,73216,data/cz/48663691_20131229_20160131.csv
550,216,720 00,Ostrava - Hrabová, fáze I.,111072,data/cz/48663707_20131229_20170228.csv
551,973,,,70903,data/cz/48663715_20150221_20170228.csv
552,597,,,61428,data/cz/48663715x_20131229_20150930.csv
553,218,720 00,Ostrava - Hrabová, fáze I.,105408,data/cz/48663753_20131229_20161231.csv
554,215,720 00,Ostrava - Hrabová, fáze I.,73213,data/cz/48663758_20131229_20160131.csv
555,8,586 02,Jihlava - Antonín?v d?l,111088,data/cz/48663784_20131229_20170301.csv
556,7,586 02,Jihlava - Antonín?v d?l,111088,data/cz/48663785_20131229_20170301.csv
557,3,586 02,Jihlava - Antonín?v d?l,111088,data/cz/48663790_20131229_20170301.csv
558,4,586 02,Jihlava - Antonín?v d?l,111088,data/cz/48663796_20131229_20170301.csv
559,5,586 02,Jihlava - Antonín?v d?l,111088,data/cz/48663800_20131229_20170301.csv
560,206,363 02,Bor u Tachova, Nová Hospoda,112667,data/cz/48663801_20131229_20170317.csv
561,204,361 02,Bor u Tachova, Nová Hospoda,112667,data/cz/48663803_20131229_20170317.csv
562,74,720 00,Ostrava - Hrabová, fáze II.,2665065,data/cz/48663805_20131229_20900101.csv
563,75,290 22,Lysá nad Labem, Litol,111088,data/cz/48663806_20131229_20170301.csv
564,76,289 22,Lysá nad labem, Litol,111088,data/cz/48663807_20131229_20170301.csv
565,977,,,72248,data/cz/48663808_20150221_20170315.csv
566,77,720 00,Ostrava - Hrabová, fáze II.,64428,data/cz/48663808x_20131229_20151101.csv
567,105,720 00,Ostrava - Hrabová, fáze II.,111072,data/cz/48663810_20131229_20170228.csv
568,106,720 00,Ostrava - Hrabová, fáze II.,111072,data/cz/48663812_20131229_20170228.csv
569,107,720 00,Ostrava - Hrabová, fáze II.,111072,data/cz/48663819_20131229_20170228.csv
570,109,720 00,Ostrava - Hrabová, fáze II.,111072,data/cz/48663824_20131229_20170228.csv
571,108,720 00,Ostrava - Hrabová, fáze II.,111072,data/cz/48663825_20131229_20170228.csv
572,78,440 01,Louny,111088,data/cz/48663827_20131229_20170301.csv
573,207,364 02,Bor u Tachova, Nová Hospoda,112667,data/cz/48663828_20131229_20170317.csv
574,120,691 23,Poho?elice II,2665354,data/cz/48663830_20131229_20900104.csv
575,116,691 23,Poho?elice II,111072,data/cz/48663831_20131229_20170228.csv
576,191,627 00,Brno - ?ernovické terasy,111072,data/cz/48664376_20131229_20170228.csv
577,79,720 00,Ostrava - Hrabová, fáze II.,99568,data/cz/48664379_20131229_20161101.csv
578,14,664 51,Šlapanice,112616,data/cz/48664381_20131229_20170317.csv
579,470,639 00,Brno - Spielberk,111072,data/cz/48664384_20131229_20170228.csv
580,190,627 00,Brno - ?ernovické terasy,111072,data/cz/48664386_20131229_20170228.csv
581,80,291 22,Lysá nad Labem, Litol,111088,data/cz/48664393_20131229_20170301.csv
582,348,639 00,Brno - Škrobárny,111072,data/cz/48664396_20131229_20170228.csv
583,81,720 00,Ostrava - Hrabová, fáze I.,111088,data/cz/48664404_20131229_20170301.csv
584,82,720 00,Ostrava - Hrabová, fáze II.,2665056,data/cz/48664410_20131229_20891231.csv
585,9,586 02,Jihlava - Antonín?v d?l,2665056,data/cz/48664414_20131229_20891231.csv
586,17,664 51,Šlapanice,111072,data/cz/48664418_20131229_20170228.csv
587,123,691 23,Poho?elice II,111072,data/cz/48664420_20131229_20170228.csv
588,83,440 01,Louny,112616,data/cz/48664429_20131229_20170317.csv
589,18,664 51,Šlapanice,111072,data/cz/48664430_20131229_20170228.csv
590,84,720 00,Ostrava - Hrabová, fáze I.,111088,data/cz/48664433_20131229_20170301.csv
591,85,440 01,Louny,111088,data/cz/48664435_20131229_20170301.csv
592,110,720 00,Ostrava - Hrabová, fáze II.,111072,data/cz/48664437_20131229_20170228.csv
593,42,301 00,Plze?, Borská pole,111080,data/cz/48664442_20131229_20170301.csv
594,114,,,38204,data/cz/48664449_20131229_20150131.csv
595,520,639 00,Brno - Spielberk,111072,data/cz/48664450_20131229_20170228.csv
596,1015,,,35040,data/cz/48664451_20160229_20170228.csv
597,869,,,70180,data/cz/48664463_20150228_20170228.csv
598,462,639 00,Brno - Spielberk,111072,data/cz/48664469_20131229_20170228.csv
599,825,,,17347,data/cz/48838326_20150423_20151021.csv
600,902,,,9245,data/cz/49339440_20150612_20150916.csv
601,1001,,,70880,data/cz/49339854_20150221_20170228.csv
602,1080,,,14500,data/cz/49339873_20160930_20170228.csv
603,906,,,2,data/cz/49656069_20150221_20150221.csv
604,86,720 00,Ostrava - Hrabová, fáze II.,112616,data/cz/49656499_20131229_20170317.csv
605,87,720 00,Ostrava - Hrabová, fáze II.,111088,data/cz/49656541_20131229_20170301.csv
606,513,,,111088,data/cz/49656885_20131229_20170301.csv
607,488,628 00,Brno - ?ernovické terasy,111072,data/cz/49656943_20131229_20170228.csv
608,514,720 00,Ostrava - Hrabová, fáze II.,111088,data/cz/49656944_20131229_20170301.csv
609,491,629 00,Brno - ?ernovické terasy,111072,data/cz/49656945_20131229_20170228.csv
610,88,720 00,Ostrava - Hrabová, fáze II.,111088,data/cz/49656946_20131229_20170301.csv
611,494,627 00,Brno - ?ernovické terasy,111072,data/cz/49656947_20131229_20170228.csv
612,26,301 00,Plze?, Borská pole,111072,data/cz/49656948_20131229_20170228.csv
613,37,301 00,Plze?, Borská pole,112666,data/cz/49656951_20131229_20170317.csv
614,669,,,93532,data/cz/49656952_20140630_20170301.csv
615,482,639 00,Brno - Spielberk,111072,data/cz/49656956_20131229_20170228.csv
616,24,301 00,Plze?, Borská pole,112616,data/cz/49656957_20131229_20170317.csv
617,495,627 00,Brno - ?ernovické terasy,111072,data/cz/49656959_20131229_20170228.csv
618,496,627 00,Brno - ?ernovické terasy,111072,data/cz/49656960_20131229_20170228.csv
619,525,,,111072,data/cz/49656961_20131229_20170228.csv
620,126,691 23,Poho?elice II,111072,data/cz/49656962_20131229_20170228.csv
621,89,630 00,Brno - ?ernovické terasy,112616,data/cz/49656963_20131229_20170317.csv
622,631,,,105963,data/cz/49656964_20140221_20170301.csv
623,501,627 00,Brno - ?ernovické terasy,111088,data/cz/49656967_20131229_20170301.csv
624,903,,,20,data/cz/49656969_20150612_20150612.csv
625,516,720 00,Ostrava - Hrabová, fáze II.,111072,data/cz/49656971_20131229_20170228.csv
626,616,,,111072,data/cz/49656972_20131229_20170228.csv
627,127,691 23,Poho?elice II,111072,data/cz/49656973_20131229_20170228.csv
628,1016,,,32352,data/cz/49656974_20160229_20170131.csv
629,25,301 00,Plze?,111072,data/cz/49656975_20131229_20170228.csv
630,500,627 00,Brno - ?ernovické terasy,111088,data/cz/49656977_20131229_20170301.csv
631,210,369 02,,112666,data/cz/49656978_20131229_20170317.csv
632,670,,,2647350,data/cz/49656986_20140703_20900101.csv
633,6,586 02,Jihlava - Antonín?v d?l,111088,data/cz/49657004_20131229_20170301.csv
634,90,,,2665100,data/cz/49657008_20131229_20900101.csv
635,1008,,,70968,data/cz/49747584_20150220_20170228.csv
636,989,,,33066,data/cz/49747584XX_20150221_20160131.csv
637,175,627 00,Brno - ?ernovické terasy,111072,data/cz/49747585_20131229_20170228.csv
638,203,360 02,Bor u Tachova, Nová Hospoda,112667,data/cz/49747586_20131229_20170317.csv
639,515,720 00,Ostrava - Hrabová, fáze II.,111088,data/cz/49764130_20131229_20170301.csv
640,664,,,94934,data/cz/49764384_20140616_20170301.csv
641,174,627 00,Brno - ?ernovické terasy,111072,data/cz/49797461_20131229_20170228.csv
642,148,664 42,Mod?ice - Brno,111072,data/cz/49797462_20131229_20170228.csv
643,178,627 00,Brno - ?ernovické terasy,111072,data/cz/49797463_20131229_20170228.csv
644,91,720 00,Ostrava - Hrabová, fáze II.,108384,data/cz/49897106_20131229_20170131.csv
645,196,351 02,Bor u Tachova, Nová Hospoda,112667,data/cz/49897107_20131229_20170317.csv
646,211,720 00,Ostrava - Hrabová, fáze I.,111072,data/cz/49897108_20131229_20170228.csv
647,194,349 02,Bor u Tachova, Nová Hospoda,112666,data/cz/49897109_20131229_20170317.csv
648,130,664 42,Mod?ice - Brno,2665104,data/cz/49945244_20131229_20900101.csv
649,173,627 00,Brno - ?ernovické terasy,111072,data/cz/49945245_20131229_20170228.csv
650,377,639 00,Brno - Spielberk,111072,data/cz/49945246_20131229_20170228.csv
651,362,639 00,Brno - Spielberk,111072,data/cz/49945247_20131229_20170228.csv
652,383,639 00,Brno - Spielberk,111072,data/cz/49945248_20131229_20170228.csv
653,199,355 02,Bor u Tachova, Nová Hospoda,112667,data/cz/49945249_20131229_20170317.csv
654,177,627 00,Brno - ?ernovické terasy,111072,data/cz/49945250_20131229_20170228.csv
655,149,664 42,Mod?ice - Brno,111072,data/cz/49945251_20131229_20170228.csv
656,92,720 00,Ostrava - Hrabová, fáze I.,112616,data/cz/49945252_20131229_20170317.csv
657,195,350 02,Bor u Tachova, Nová Hospoda,112667,data/cz/49945253_20131229_20170317.csv
658,997,,,72428,data/cz/49977838_20150221_20170317.csv
659,1057,,,34556,data/cz/49977874_20160322_20170317.csv
660,738,,,111072,data/cz/49977943_20131229_20170228.csv
661,94,627 00,Brno - ?ernovické terasy,111072,data/cz/50011945_20131229_20170228.csv
662,135,664 42,Mod?ice - Brno,111072,data/cz/50011946_20131229_20170228.csv
663,134,664 42,Mod?ice - Brno,111072,data/cz/50011947_20131229_20170228.csv
664,132,664 42,Mod?ice - Brno,111072,data/cz/50011948_20131229_20170228.csv
665,131,664 42,Mod?ice - Brno,111072,data/cz/50011950_20131229_20170228.csv
666,41,301 00,Plze?, Borská pole,112662,data/cz/50011951_20131229_20170317.csv
667,179,627 00,Brno - ?ernovické terasy,111072,data/cz/50011952_20131229_20170228.csv
668,133,664 42,Mod?ice - Brno,111072,data/cz/50011953_20131229_20170228.csv
669,137,664 42,Mod?ice - Brno,112667,data/cz/50011954_20131229_20170317.csv
670,150,664 42,Mod?ice - Brno,111072,data/cz/50106483_20131229_20170228.csv
671,166,664 42,Mod?ice - Brno,111072,data/cz/50106484_20131229_20170228.csv
672,35,301 00,Plze?, Borská pole,112662,data/cz/50106485_20131229_20170317.csv
673,167,664 42,Mod?ice - Brno,111072,data/cz/50106486_20131229_20170228.csv
674,129,664 42,Mod?ice - Brno,111072,data/cz/50106487_20131229_20170228.csv
675,95,627 00,Brno - ?ernovické terasy,111072,data/cz/50106489_20131229_20170228.csv
676,845,,,46310,data/cz/50106490_20150204_20160601.csv
677,40,301 00,Plze?, Borská pole,111080,data/cz/50106491_20131229_20170301.csv
678,138,664 42,Mod?ice - Brno,111072,data/cz/50106492_20131229_20170228.csv
679,38,301 00,Plze?, Borská pole,112662,data/cz/50106493_20131229_20170317.csv
680,29,691 23,Poho?elice, fáze I.,111072,data/cz/50106494_20131229_20170228.csv
681,39,301 00,Plze?, Borská pole,111080,data/cz/50106495_20131229_20170301.csv
682,30,,,111072,data/cz/50106496_20131229_20170228.csv
683,136,664 42,Mod?ice - Brno,21333,data/cz/50106498_20131229_20140809.csv
684,56,301 00,Plze?, Borská pole,108392,data/cz/50106499_20131229_20170201.csv
685,151,664 42,Mod?ice - Brno,111072,data/cz/50106500_20131229_20170228.csv
686,36,301 00,Plze?, Borská pole,112662,data/cz/50106501_20131229_20170317.csv
687,1,586 02,Jihlava - Antonín?v d?l,111088,data/cz/50106502_20131229_20170301.csv
688,2,586 02,Jihlava - Antonín?v d?l,111088,data/cz/50367744_20131229_20170301.csv
689,214,720 00,Ostrava - Hrabová, fáze I.,111072,data/cz/50367745_20131229_20170228.csv
690,168,664 42,Mod?ice - Brno,111072,data/cz/50367746_20131229_20170228.csv
691,200,357 02,Bor u Tachova, Nová Hospoda,111088,data/cz/50367747_20131229_20170301.csv
692,224,720 00,Ostrava - Hrabová, fáze I.,111072,data/cz/50367748_20131229_20170228.csv
693,381,639 00,Brno - Spielberk,111072,data/cz/50367749_20131229_20170228.csv
694,44,664 42,Mod?ice II. - Brno,111072,data/cz/50367750_20131229_20170228.csv
695,221,720 00,Ostrava - Hrabová, fáze I.,111072,data/cz/50367751_20131229_20170228.csv
696,31,693 23,Poho?elice, fáze I.,111072,data/cz/50367752_20131229_20170228.csv
697,223,720 00,Ostrava - Hrabová, fáze I.,111072,data/cz/50367753_20131229_20170228.csv
698,972,,,70903,data/cz/50381577_20150221_20170228.csv
699,521,,,61428,data/cz/50381577x_20131229_20150930.csv
700,201,358 02,Bor u Tachova, Nová Hospoda,112666,data/cz/50381580_20131229_20170317.csv
701,184,627 00,Brno - ?ernovické terasy,111072,data/cz/50381581_20131229_20170228.csv
702,96,720 00,Ostrava - Hrabová, fáze I.,111088,data/cz/50381582_20131229_20170301.csv
703,379,639 00,Brno - Spielberk,111072,data/cz/50381583_20131229_20170228.csv
704,222,720 00,Ostrava - Hrabová, fáze I.,111072,data/cz/50381584_20131229_20170228.csv
705,97,720 00,Ostrava - Hrabová, fáze I.,111088,data/cz/50381585_20131229_20170301.csv
706,1017,,,35040,data/cz/50381586_20160229_20170228.csv
707,229,720 00,Ostrava - Hrabová, fáze I.,111072,data/cz/50497711_20131229_20170228.csv
708,53,301 00,Plze?, Borská pole,111080,data/cz/50497712_20131229_20170301.csv
709,43,301 00,Plze?, Borská pole,112662,data/cz/50497713_20131229_20170317.csv
710,186,627 00,Brno - ?ernovické terasy,111072,data/cz/50497714_20131229_20170228.csv
711,187,627 00,Brno - ?ernovické terasy,111072,data/cz/50497715_20131229_20170228.csv
712,1079,,,3070060,data/cz/50497716_20020612_20891231.csv
713,32,694 23,Poho?elice, fáze I.,111072,data/cz/50497717_20131229_20170228.csv
714,181,627 00,Brno - ?ernovické terasy,111072,data/cz/50497718_20131229_20170228.csv
715,98,627 00,Brno - ?ernovické terasy,111072,data/cz/50497719_20131229_20170228.csv
716,51,301 00,Plze?, Borská pole,111080,data/cz/50497720_20131229_20170301.csv
717,99,720 00,Ostrava - Hrabová, fáze II.,99568,data/cz/50497722_20131229_20161101.csv
718,50,301 00,Plze?, Borská pole,111080,data/cz/50497723_20131229_20170301.csv
719,48,301 00,Plze?, Borská pole,111080,data/cz/50497724_20131229_20170301.csv
720,47,301 00,Plze?, Borská pole,111080,data/cz/50497725_20131229_20170301.csv
721,113,720 00,Ostrava - Hrabová, fáze II.,111072,data/cz/50497726_20131229_20170228.csv
722,100,720 00,Ostrava - Hrabová, fáze I.,112616,data/cz/50497727_20131229_20170317.csv
723,401,639 00,Brno - Spielberk,111072,data/cz/50497728_20131229_20170228.csv
724,228,720 00,Ostrava - Hrabová, fáze I.,111072,data/cz/50497729_20131229_20170228.csv
725,176,627 00,Brno - ?ernovické terasy,111072,data/cz/50574628_20131229_20170228.csv
726,182,627 00,Brno - ?ernovické terasy,111072,data/cz/50574629_20131229_20170228.csv
727,172,627 00,Brno - ?ernovické terasy,111072,data/cz/50574630_20131229_20170228.csv
728,189,627 00,Brno - ?ernovické terasy,111072,data/cz/50574631_20131229_20170228.csv
729,101,720 00,Ostrava - Hrabová, fáze II.,111072,data/cz/50574632_20131229_20170228.csv
730,121,691 23,Poho?elice II,111072,data/cz/50574633_20131229_20170228.csv
731,526,,,111072,data/cz/50574634_20131229_20170228.csv
732,102,720 00,Ostrava - Hrabová, fáze II.,99568,data/cz/50574635_20131229_20161101.csv
733,52,301 00,Plze?, Borská pole,111080,data/cz/50574636_20131229_20170301.csv
734,45,664 42,Mod?ice II. - Brno,111072,data/cz/50574637_20131229_20170228.csv
735,205,362 02,Bor u Tachova, Nová Hospoda,112667,data/cz/50574638_20131229_20170317.csv
736,103,720 00,Ostrava - Hrabová, fáze II.,99568,data/cz/50574639_20131229_20161101.csv
737,402,639 00,Brno - Spielberk,111072,data/cz/50574640_20131229_20170228.csv
738,104,440 01,Louny,111088,data/cz/50574641_20131229_20170301.csv
739,10,664 51,Šlapanice,111072,data/cz/50574642_20131229_20170228.csv
740,527,359 02,Bor u Tachova, Nová Hospoda,112669,data/cz/50574643_20131229_20170317.csv
741,11,664 51,Šlapanice,111072,data/cz/50574644_20131229_20170228.csv
742,12,664 51,Šlapanice,111072,data/cz/50574645_20131229_20170228.csv
743,180,627 00,Brno - ?ernovické terasy,111072,data/cz/50574646_20131229_20170228.csv
744,517,720 00,Ostrava - Hrabová, fáze II.,111088,data/cz/50778705_20131229_20170301.csv
745,338,639 00,Brno - Škrobárny,79104,data/cz/509731_20131230_20160402.csv
746,1011,,,35872,data/cz/51014609_20160308_20170317.csv
747,978,,,25211,data/cz/51025731_20150221_20151111.csv
748,220,720 00,Ostrava - Hrabová, fáze I.,79009,data/cz/511526_20131231_20160402.csv
749,644,,,78913,data/cz/511527_20140101_20160402.csv
750,645,,,112474,data/cz/511529_20140101_20170317.csv
751,646,,,112474,data/cz/511530_20140101_20170317.csv
752,647,,,112474,data/cz/511531_20140101_20170317.csv
753,300,639 00,Brno - Škrobárny,112664,data/cz/511533_20131230_20170317.csv
754,266,720 00,Ostrava - Hrabová, fáze I.,79009,data/cz/511534_20131231_20160402.csv
755,234,,,78913,data/cz/511535_20140101_20160402.csv
756,648,,,112474,data/cz/511537_20140101_20170317.csv
757,219,720 00,Ostrava - Hrabová, fáze I.,79009,data/cz/511538_20131231_20160402.csv
758,161,664 42,Mod?ice - Brno,78913,data/cz/511539_20140101_20160402.csv
759,143,664 42,Mod?ice - Brno,78913,data/cz/511540_20140101_20160402.csv
760,144,664 42,Mod?ice - Brno,78913,data/cz/511541_20140101_20160402.csv
761,139,664 42,Mod?ice - Brno,78913,data/cz/511543_20140101_20160402.csv
762,162,664 42,Mod?ice - Brno,78913,data/cz/511544_20140101_20160402.csv
763,163,664 42,Mod?ice - Brno,78913,data/cz/511545_20140101_20160402.csv
764,164,664 42,Mod?ice - Brno,78913,data/cz/511546_20140101_20160402.csv
765,160,664 42,Mod?ice - Brno,78913,data/cz/511547_20140101_20160402.csv
766,158,664 42,Mod?ice - Brno,78913,data/cz/511548_20140101_20160402.csv
767,157,664 42,Mod?ice - Brno,78913,data/cz/511549_20140101_20160402.csv
768,159,664 42,Mod?ice - Brno,78913,data/cz/511550_20140101_20160402.csv
769,170,664 42,Mod?ice - Brno,78913,data/cz/511552_20140101_20160402.csv
770,649,,,112475,data/cz/511553_20140101_20170317.csv
771,621,,,78913,data/cz/511555_20140101_20160402.csv
772,507,639 00,Brno - Škrobárny,79104,data/cz/511556_20131230_20160402.csv
773,311,639 00,Brno - Škrobárny,79104,data/cz/511557_20131230_20160402.csv
774,34,696 23,Poho?elice, fáze I.,78913,data/cz/511559_20140101_20160402.csv
775,185,627 00,Brno - ?ernovické terasy,78913,data/cz/511560_20140101_20160402.csv
776,13,,,78913,data/cz/511561_20140101_20160402.csv
777,368,639 00,Brno - Spielberk,112664,data/cz/511562_20131230_20170317.csv
778,258,,,78913,data/cz/511564_20140101_20160402.csv
779,650,,,112475,data/cz/511565_20140101_20170317.csv
780,342,639 00,Brno - Škrobárny,79104,data/cz/514781_20131230_20160402.csv
781,341,639 00,Brno - Škrobárny,79104,data/cz/514802_20131230_20160402.csv
782,404,639 00,Brno - Spielberk,112664,data/cz/542260_20131230_20170317.csv
783,445,639 00,Brno - Spielberk,112665,data/cz/542264_20131230_20170317.csv
784,307,,,112664,data/cz/542293_20131230_20170317.csv
785,308,639 00,Brno - Škrobárny,112664,data/cz/542294_20131230_20170317.csv
786,305,,,112664,data/cz/542299_20131230_20170317.csv
787,309,,,112664,data/cz/542300_20131230_20170317.csv
788,304,639 00,Brno - Škrobárny,112664,data/cz/542301_20131230_20170317.csv
789,303,639 00,Brno - Škrobárny,112664,data/cz/542302_20131230_20170317.csv
790,306,,,112664,data/cz/542303_20131230_20170317.csv
791,472,639 00,Brno - Spielberk,112665,data/cz/547030_20131230_20170317.csv
792,608,,,78913,data/cz/547031_20140101_20160402.csv
793,235,720 00,Ostrava - Hrabová, fáze I.,79009,data/cz/547037_20131231_20160402.csv
794,828,,,38209,data/cz/547038_20150301_20160402.csv
795,255,720 00,Ostrava - Hrabová, fáze I.,78913,data/cz/547039_20140101_20160402.csv
796,651,,,78913,data/cz/547043_20140101_20160402.csv
797,671,720 00,Ostrava - Hrabová, fáze I.,58945,data/cz/547044_20140728_20160402.csv
798,252,720 00,Ostrava - Hrabová, fáze I.,78913,data/cz/547046_20140101_20160402.csv
799,481,639 00,Brno - Spielberk,112665,data/cz/547048_20131230_20170317.csv
800,256,,,78913,data/cz/547049_20140101_20160402.csv
801,254,,,78913,data/cz/547050_20140101_20160402.csv
802,764,,,72566,data/cz/547051_20150220_20170317.csv
803,427,639 00,Brno - Spielberk,112664,data/cz/547052_20131230_20170317.csv
804,407,639 00,Brno - Spielberk,112664,data/cz/547053_20131230_20170317.csv
805,410,639 00,Brno - Spielberk,112664,data/cz/547054_20131230_20170317.csv
806,431,639 00,Brno - Spielberk,112664,data/cz/547055_20131230_20170317.csv
807,403,639 00,Brno - Spielberk,112664,data/cz/547056_20131230_20170317.csv
808,765,,,72565,data/cz/547057_20150220_20170317.csv
809,405,,,35824,data/cz/547058_20160309_20170317.csv
810,458,639 00,Brno - Spielberk,112665,data/cz/547059_20131230_20170317.csv
811,459,639 00,Brno - Spielberk,112665,data/cz/547060_20131230_20170317.csv
812,438,639 00,Brno - Spielberk,112665,data/cz/547061_20131230_20170317.csv
813,111,720 00,Ostrava - Hrabová, fáze II.,78913,data/cz/547064_20140101_20160402.csv
814,901,,,27841,data/cz/55091078_20150617_20160402.csv
815,329,639 00,Brno - Škrobárny,79104,data/cz/567264_20131230_20160402.csv
816,412,639 00,Brno - Spielberk,112664,data/cz/567265_20131230_20170317.csv
817,456,639 00,Brno - Spielberk,112664,data/cz/567268_20131230_20170317.csv
818,766,,,72566,data/cz/570055_20150220_20170317.csv
819,829,,,38209,data/cz/570056_20150301_20160402.csv
820,15,664 51,Šlapanice,78913,data/cz/570060_20140101_20160402.csv
821,292,639 00,Brno - Škrobárny,112664,data/cz/570061_20131230_20170317.csv
822,287,639 00,Brno - Škrobárny,112664,data/cz/575304_20131230_20170317.csv
823,280,639 00,Brno - Škrobárny,112664,data/cz/575305_20131230_20170317.csv
824,283,639 00,Brno - Škrobárny,112664,data/cz/575306_20131230_20170317.csv
825,277,639 00,Brno - Škrobárny,112664,data/cz/575307_20131230_20170317.csv
826,274,639 00,Brno - Škrobárny,79104,data/cz/575308_20131230_20160402.csv
827,288,639 00,Brno - Škrobárny,112664,data/cz/575309_20131230_20170317.csv
828,281,639 00,Brno - Škrobárny,112664,data/cz/575310_20131230_20170317.csv
829,289,639 00,Brno - Škrobárny,112664,data/cz/575312_20131230_20170317.csv
830,276,639 00,Brno - Škrobárny,112664,data/cz/575313_20131230_20170317.csv
831,273,639 00,Brno - Škrobárny,112664,data/cz/575314_20131230_20170317.csv
832,279,639 00,Brno - Škrobárny,112664,data/cz/575315_20131230_20170317.csv
833,619,,,76145,data/cz/575316_20140129_20160402.csv
834,271,639 00,Brno - Škrobárny,112664,data/cz/575317_20131230_20170317.csv
835,284,639 00,Brno - Škrobárny,112664,data/cz/575318_20131230_20170317.csv
836,291,639 00,Brno - Škrobárny,112664,data/cz/575319_20131230_20170317.csv
837,269,639 00,Brno - Škrobárny,112663,data/cz/575320_20131230_20170317.csv
838,285,639 00,Brno - Škrobárny,112664,data/cz/575321_20131230_20170317.csv
839,290,639 00,Brno - Škrobárny,112664,data/cz/575322_20131230_20170317.csv
840,268,639 00,Brno - Škrobárny,112663,data/cz/575323_20131230_20170317.csv
841,272,639 00,Brno - Škrobárny,112664,data/cz/575324_20131230_20170317.csv
842,270,639 00,Brno - Škrobárny,112664,data/cz/575325_20131230_20170317.csv
843,278,639 00,Brno - Škrobárny,112664,data/cz/575326_20131230_20170317.csv
844,286,639 00,Brno - Škrobárny,112664,data/cz/575327_20131230_20170317.csv
845,282,639 00,Brno - Škrobárny,112664,data/cz/575328_20131230_20170317.csv
846,267,720 00,Ostrava - Hrabová, fáze I.,78913,data/cz/580775_20140101_20160402.csv
847,225,720 00,Ostrava - Hrabová, fáze I.,79009,data/cz/580776_20131231_20160402.csv
848,226,720 00,Ostrava - Hrabová, fáze I.,79009,data/cz/580777_20131231_20160402.csv
849,227,720 00,Ostrava - Hrabová, fáze I.,79009,data/cz/580778_20131231_20160402.csv
850,478,639 00,Brno - Spielberk,78913,data/cz/580779_20140101_20160402.csv
851,46,301 00,Plze?, Borská pole,78913,data/cz/580780_20140101_20160402.csv
852,169,664 42,Mod?ice - Brno,78913,data/cz/580781_20140101_20160402.csv
853,418,639 00,Brno - Spielberk,112664,data/cz/580782_20131230_20170317.csv
854,54,301 00,Plze?, Borská pole,78913,data/cz/580783_20140101_20160402.csv
855,231,720 00,Ostrava - Hrabová, fáze I.,79009,data/cz/580784_20131231_20160402.csv
856,265,720 00,Ostrava - Hrabová, fáze I.,79009,data/cz/580786_20131231_20160402.csv
857,230,720 00,Ostrava - Hrabová, fáze I.,78913,data/cz/580799_20140101_20160402.csv
858,237,720 00,Ostrava - Hrabová, fáze I.,78913,data/cz/580800_20140101_20160402.csv
859,474,639 00,Brno - Spielberk,112665,data/cz/580801_20131230_20170317.csv
860,118,691 23,Poho?elice II,78913,data/cz/580803_20140101_20160402.csv
861,117,691 23,Poho?elice II,78913,data/cz/580804_20140101_20160402.csv
862,1084,,,2980,data/cz/60009020_20160930_20161031.csv
863,601,352 02,Bor u Tachova, Nová Hospoda,45159,data/cz/60009021_20131229_20150414.csv
864,1085,,,2980,data/cz/60009022_20160930_20161031.csv
865,602,356 02,Bor u Tachova, Nová Hospoda,45162,data/cz/60009023_20131229_20150414.csv
866,739,,,105408,data/cz/60009024_20131229_20161231.csv
867,740,,,111072,data/cz/60011699_20131229_20170228.csv
868,741,,,111072,data/cz/60011704_20131229_20170228.csv
869,742,,,111072,data/cz/60011705_20131229_20170228.csv
870,743,,,111072,data/cz/60011706_20131229_20170228.csv
871,744,,,111072,data/cz/60011707_20131229_20170228.csv
872,745,,,111072,data/cz/60011709_20131229_20170228.csv
873,528,,,111072,data/cz/60011712_20131229_20170228.csv
874,746,,,73248,data/cz/60011712X_20131229_20160131.csv
875,1003,,,35930,data/cz/60011712xx_20150220_20160229.csv
876,758,,,110726,data/cz/60011713_20140102_20170228.csv
877,747,,,111072,data/cz/60011716_20131229_20170228.csv
878,748,,,111072,data/cz/60011718_20131229_20170228.csv
879,749,,,111072,data/cz/60011719_20131229_20170228.csv
880,1005,,,70969,data/cz/60011720_20150220_20170228.csv
881,750,,,111072,data/cz/60011721_20131229_20170228.csv
882,751,,,111072,data/cz/60011722_20131229_20170228.csv
883,752,,,111072,data/cz/60011723_20131229_20170228.csv
884,753,,,111072,data/cz/60011724_20131229_20170228.csv
885,754,,,111072,data/cz/60011725_20131229_20170228.csv
886,755,,,105408,data/cz/60011726_20131229_20161231.csv
887,756,,,111072,data/cz/60011727_20131229_20170228.csv
888,757,,,111072,data/cz/60011728_20131229_20170228.csv
889,663,,,94544,data/cz/60016431_20140620_20170228.csv
890,864,,,71688,data/cz/60016432_20150213_20170228.csv
891,1076,,,17298,data/cz/60016433_20160901_20170228.csv
892,633,,,8832,data/cz/60016434_20140430_20140731.csv
893,437,639 00,Brno - Spielberk,112665,data/cz/610036_20131230_20170317.csv
894,471,639 00,Brno - Spielberk,112665,data/cz/610037_20131230_20170317.csv
895,434,639 00,Brno - Spielberk,112665,data/cz/610039_20131230_20170317.csv
896,508,639 00,Brno - Spielberk,112665,data/cz/610040_20131230_20170317.csv
897,413,639 00,Brno - Spielberk,112664,data/cz/610041_20131230_20170317.csv
898,409,639 00,Brno - Spielberk,112664,data/cz/610042_20131230_20170317.csv
899,327,639 00,Brno - Škrobárny,79104,data/cz/610043_20131230_20160402.csv
900,400,639 00,Brno - Spielberk,112664,data/cz/610044_20131230_20170317.csv
901,461,639 00,Brno - Spielberk,112665,data/cz/610046_20131230_20170317.csv
902,443,639 00,Brno - Spielberk,112665,data/cz/610053_20131230_20170317.csv
903,460,639 00,Brno - Spielberk,112665,data/cz/611418_20131230_20170317.csv
904,453,639 00,Brno - Spielberk,112665,data/cz/611419_20131230_20170317.csv
905,328,639 00,Brno - Škrobárny,79104,data/cz/611420_20131230_20160402.csv
906,411,639 00,Brno - Spielberk,112664,data/cz/611421_20131230_20170317.csv
907,451,639 00,Brno - Spielberk,78913,data/cz/611422_20140101_20160402.csv
908,457,639 00,Brno - Spielberk,78913,data/cz/611424_20140101_20160402.csv
909,435,639 00,Brno - Spielberk,112665,data/cz/615673_20131230_20170317.csv
910,426,639 00,Brno - Spielberk,112664,data/cz/615674_20131230_20170317.csv
911,425,639 00,Brno - Spielberk,112664,data/cz/615675_20131230_20170317.csv
912,419,639 00,Brno - Spielberk,112664,data/cz/615676_20131230_20170317.csv
913,441,639 00,Brno - Spielberk,112665,data/cz/615677_20131230_20170317.csv
914,416,639 00,Brno - Spielberk,112664,data/cz/615678_20131230_20170317.csv
915,430,639 00,Brno - Spielberk,112664,data/cz/615681_20131230_20170317.csv
916,417,639 00,Brno - Spielberk,112664,data/cz/615682_20131230_20170317.csv
917,468,639 00,Brno - Spielberk,112665,data/cz/615683_20131230_20170317.csv
918,436,639 00,Brno - Spielberk,112665,data/cz/615684_20131230_20170317.csv
919,466,639 00,Brno - Spielberk,112665,data/cz/615685_20131230_20170317.csv
920,467,639 00,Brno - Spielberk,112665,data/cz/615686_20131230_20170317.csv
921,423,639 00,Brno - Spielberk,112664,data/cz/615687_20131230_20170317.csv
922,424,639 00,Brno - Spielberk,112664,data/cz/615690_20131230_20170317.csv
923,465,639 00,Brno - Spielberk,112665,data/cz/615691_20131230_20170317.csv
924,440,639 00,Brno - Spielberk,112665,data/cz/615692_20131230_20170317.csv
925,439,639 00,Brno - Spielberk,112665,data/cz/615693_20131230_20170317.csv
926,463,639 00,Brno - Spielberk,112665,data/cz/615695_20131230_20170317.csv
927,421,639 00,Brno - Spielberk,112664,data/cz/615696_20131230_20170317.csv
928,429,639 00,Brno - Spielberk,112664,data/cz/615697_20131230_20170317.csv
929,415,639 00,Brno - Spielberk,112664,data/cz/615698_20131230_20170317.csv
930,464,639 00,Brno - Spielberk,112665,data/cz/615700_20131230_20170317.csv
931,444,639 00,Brno - Spielberk,112665,data/cz/615701_20131230_20170317.csv
932,420,639 00,Brno - Spielberk,112664,data/cz/615702_20131230_20170317.csv
933,767,,,72566,data/cz/615703_20150220_20170317.csv
934,414,639 00,Brno - Spielberk,112664,data/cz/615704_20131230_20170317.csv
935,442,639 00,Brno - Spielberk,112665,data/cz/615705_20131230_20170317.csv
936,830,,,5,data/cz/615706_20150626_20150626.csv
937,452,639 00,Brno - Spielberk,112665,data/cz/615709_20131230_20170317.csv
938,422,639 00,Brno - Spielberk,112664,data/cz/615710_20131230_20170317.csv
939,260,720 00,Ostrava - Hrabová, fáze I.,78913,data/cz/615986_20140101_20160402.csv
940,450,639 00,Brno - Spielberk,112665,data/cz/615987_20131230_20170317.csv
941,239,720 00,Ostrava - Hrabová, fáze I.,78913,data/cz/616049_20140101_20160402.csv
942,238,720 00,Ostrava - Hrabová, fáze I.,78913,data/cz/616051_20140101_20160402.csv
943,112,639 00,Brno - Škrobárny,6433,data/cz/616077_20140808_20141014.csv
944,446,639 00,Brno - Spielberk,112665,data/cz/616083_20131230_20170317.csv
945,866,,,15840,data/cz/62003101_20150424_20151006.csv
946,630,627 00,Brno - ?ernovické terasy,49633,data/cz/62003102-99_20140101_20150602.csv
947,986,,,72492,data/cz/62022130_20150221_20170317.csv
948,315,639 00,Brno - Škrobárny,79104,data/cz/638155_20131230_20160402.csv
949,314,639 00,Brno - Škrobárny,79104,data/cz/638168_20131230_20160402.csv
950,354,639 00,Brno - Škrobárny,79104,data/cz/638262_20131230_20160402.csv
951,301,639 00,Brno - Škrobárny,112664,data/cz/638268_20131230_20170317.csv
952,353,639 00,Brno - Škrobárny,79104,data/cz/638272_20131230_20160402.csv
953,313,639 00,Brno - Škrobárny,79104,data/cz/638273_20131230_20160402.csv
954,518,639 00,Brno - Škrobárny,112665,data/cz/638275_20131230_20170317.csv
955,833,,,38209,data/cz/638277_20150301_20160402.csv
956,350,639 00,Brno - Škrobárny,79104,data/cz/638278_20131230_20160402.csv
957,297,639 00,Brno - Škrobárny,112664,data/cz/638281_20131230_20170317.csv
958,298,639 00,Brno - Škrobárny,52800,data/cz/661174_20131230_20150703.csv
959,355,639 00,Brno - Škrobárny,79104,data/cz/661175_20131230_20160402.csv
960,299,639 00,Brno - Škrobárny,112664,data/cz/661176_20131230_20170317.csv
961,349,639 00,Brno - Škrobárny,79104,data/cz/661178_20131230_20160402.csv
962,296,,,112664,data/cz/661187_20131230_20170317.csv
963,356,639 00,Brno - Škrobárny,79104,data/cz/661189_20131230_20160402.csv
964,351,639 00,Brno - Škrobárny,79104,data/cz/661190_20131230_20160402.csv
965,310,,,112664,data/cz/661192_20131230_20170317.csv
966,731,,,52705,data/cz/710_20141001_20160402.csv
967,455,639 00,Brno - Spielberk,112664,data/cz/710157_20131230_20170317.csv
968,294,639 00,Brno - Škrobárny,79104,data/cz/710183_20131230_20160402.csv
969,122,691 23,Poho?elice II,78913,data/cz/711780_20140101_20160402.csv
970,720,,,86267,data/cz/711786_20141001_20170317.csv
971,509,640 00,Brno - Spielberk,112665,data/cz/711787_20131230_20170317.csv
972,433,639 00,Brno - Spielberk,112664,data/cz/711788_20131230_20170317.csv
973,208,,,97,data/cz/711789_20140101_20140102.csv
974,428,639 00,Brno - Spielberk,112664,data/cz/711790_20131230_20170317.csv
975,49,301 00,Plze?, Borská pole,78913,data/cz/711831_20140101_20160402.csv
976,55,301 00,Plze?, Borská pole,78913,data/cz/711832_20140101_20160402.csv
977,447,639 00,Brno - Spielberk,112665,data/cz/711834_20131230_20170317.csv
978,399,639 00,Brno - Spielberk,112664,data/cz/711836_20131230_20170317.csv
979,483,639 00,Brno - Spielberk,112664,data/cz/711845_20131230_20170317.csv
980,969,,,2,data/cz/73014651x_20150221_20150221.csv
981,949,,,36792,data/cz/73014653_20150221_20160310.csv
982,1022,,,31172,data/cz/73014658_20160426_20170317.csv
983,950,,,72508,data/cz/73016626_20150221_20170317.csv
984,1019,,,50,data/cz/73016627_20160417_20160418.csv
985,975,,,2,data/cz/73016628_20150221_20150221.csv
986,1018,,,36644,data/cz/73016631_20160229_20170317.csv
987,1002,,,2,data/cz/73016632_20150220_20150220.csv
988,948,,,2,data/cz/73017203_20150221_20150221.csv
989,928,,,72514,data/cz/73037529_20150221_20170317.csv
990,929,,,72514,data/cz/73037530_20150221_20170317.csv
991,922,,,72515,data/cz/73037531_20150221_20170317.csv
992,941,,,72511,data/cz/73037532_20150221_20170317.csv
993,938,,,72511,data/cz/73037533_20150221_20170317.csv
994,939,,,72511,data/cz/73037534_20150221_20170317.csv
995,940,,,72511,data/cz/73037535_20150221_20170317.csv
996,987,,,72492,data/cz/73037536_20150221_20170317.csv
997,1021,,,31364,data/cz/73056418_20160424_20170317.csv
998,347,639 00,Brno - Škrobárny,43200,data/cz/781618_20131230_20150325.csv
999,346,639 00,Brno - Škrobárny,43009,data/cz/781743_20140101_20150325.csv
1000,345,639 00,Brno - Škrobárny,43200,data/cz/781777_20131230_20150325.csv
1001,343,639 00,Brno - Škrobárny,43200,data/cz/782023_20131230_20150325.csv
1002,171,664 42,Mod?ice - Brno,78913,data/cz/809873_20140101_20160402.csv
1003,408,639 00,Brno - Spielberk,112664,data/cz/841244_20131230_20170317.csv
1004,448,639 00,Brno - Spielberk,112664,data/cz/841254_20131230_20170317.csv
1005,432,639 00,Brno - Spielberk,112664,data/cz/841258_20131230_20170317.csv
1006,232,720 00,Ostrava - Hrabová, fáze I.,78913,data/cz/841260_20140101_20160402.csv
1007,240,720 00,Ostrava - Hrabová, fáze I.,78913,data/cz/841263_20140101_20160402.csv
1008,382,639 00,Brno - Spielberk,112664,data/cz/841267_20131230_20170317.csv
1009,473,639 00,Brno - Spielberk,78913,data/cz/864469_20140101_20160402.csv
1010,324,639 00,Brno - Škrobárny,79104,data/cz/868298_20131230_20160402.csv
1011,320,639 00,Brno - Škrobárny,79104,data/cz/868299_20131230_20160402.csv
1012,321,639 00,Brno - Škrobárny,79104,data/cz/868300_20131230_20160402.csv
1013,837,,,13921,data/cz/868301_20150301_20150724.csv
1014,838,,,1,data/cz/868302_20150626_20150626.csv
1015,323,639 00,Brno - Škrobárny,79104,data/cz/868303_20131230_20160402.csv
1016,326,639 00,Brno - Škrobárny,79104,data/cz/868304_20131230_20160402.csv
1017,319,639 00,Brno - Škrobárny,79104,data/cz/868305_20131230_20160402.csv
1018,325,639 00,Brno - Škrobárny,79104,data/cz/868306_20131230_20160402.csv
1019,322,639 00,Brno - Škrobárny,79104,data/cz/868307_20131230_20160402.csv
1020,840,,,8,data/cz/868309_20150626_20150626.csv
1021,449,639 00,Brno - Spielberk,112665,data/cz/868311_20131230_20170317.csv
1022,598,639 00,Brno - Škrobárny,79104,data/cz/868312_20131230_20160402.csv
1023,1063,,,23524,data/cz/89883068_20160430_20161231.csv
1024,522,,,111072,data/cz/89977606_20131229_20170228.csv
1025,593,,,111072,data/cz/89977647_20131229_20170228.csv
1026,344,639 00,Brno - Škrobárny,78913,data/cz/926307_20140101_20160402.csv
1027,253,720 00,Ostrava - Hrabová, fáze I.,78913,data/cz/956031_20140101_20160402.csv
1028,259,720 00,Ostrava - Hrabová, fáze I.,78913,data/cz/956036_20140101_20160402.csv
1029,261,720 00,Ostrava - Hrabová, fáze I.,78913,data/cz/956063_20140101_20160402.csv
1030,454,639 00,Brno - Spielberk,112665,data/cz/956066_20131230_20170317.csv
1031,262,720 00,Ostrava - Hrabová, fáze I.,78913,data/cz/956069_20140101_20160402.csv
1032,23,664 51,Šlapanice,78913,data/cz/PRO-1250D_20140101_20160402.csv
